busqueda,id grabacion,Cual es el id,Grabacion,CallerID
1739020809.32168,,,Tiene grabacion,""")"
1739020973.32334,,,Tiene grabacion,""")"
1739021016.32385,,,Tiene grabacion,""")"
1739021686.32857,,,Tiene grabacion,""")"
1739021971.32962,,,Tiene grabacion,""")"
1739022261.33099,,,No tiene grabacion,No tiene callerid
1739022282.33119,,,Tiene grabacion,No tiene callerid
1739022285.33121,,,Tiene grabacion,No tiene callerid
1739022299.33126,,,Tiene grabacion,No tiene callerid
1739022392.33153,,,Tiene grabacion,No tiene callerid
1739022393.33156,,,No tiene grabacion,No tiene callerid
1739022404.33159,,,Tiene grabacion,No tiene callerid
1739022411.33161,,,Tiene grabacion,No tiene callerid
1739022412.33163,,,Tiene grabacion,No tiene callerid
1739022443.33194,,,Tiene grabacion,No tiene callerid
1739022444.33196,,,Tiene grabacion,No tiene callerid
1739022454.33198,,,Tiene grabacion,No tiene callerid
1739022455.33199,,,Tiene grabacion,No tiene callerid
1739022457.33202,,,Tiene grabacion,No tiene callerid
1739022459.33204,,,Tiene grabacion,No tiene callerid
1739022517.33213,,,Tiene grabacion,No tiene callerid
1739022534.33221,,,Tiene grabacion,No tiene callerid
1739022580.33227,,,Tiene grabacion,No tiene callerid
1739022640.33245,,,Tiene grabacion,No tiene callerid
1739022653.33248,,,Tiene grabacion,No tiene callerid
1739022666.3326,,,Tiene grabacion,No tiene callerid
1739022666.33261,,,Tiene grabacion,No tiene callerid
1739022667.33263,,,Tiene grabacion,No tiene callerid
1739022670.33269,,,Tiene grabacion,No tiene callerid
1739022691.33278,,,Tiene grabacion,No tiene callerid
1739022707.33287,,,Tiene grabacion,No tiene callerid
1739022728.33294,,,Tiene grabacion,No tiene callerid
1739022730.33302,,,Tiene grabacion,No tiene callerid
1739022743.33314,,,Tiene grabacion,No tiene callerid
1739022749.33317,,,Tiene grabacion,No tiene callerid
1739022764.33326,,,Tiene grabacion,No tiene callerid
1739022766.33332,,,Tiene grabacion,No tiene callerid
1739022767.33342,,,Tiene grabacion,No tiene callerid
1739022770.33345,,,Tiene grabacion,No tiene callerid
1739022859.33388,,,Tiene grabacion,No tiene callerid
1739022864.33391,,,Tiene grabacion,No tiene callerid
1739022880.334,,,Tiene grabacion,No tiene callerid
1739022904.33405,,,Tiene grabacion,No tiene callerid
1739022912.3341,,,Tiene grabacion,No tiene callerid
1739022922.33414,,,Tiene grabacion,No tiene callerid
1739022938.33417,,,Tiene grabacion,No tiene callerid
1739022952.33419,,,Tiene grabacion,No tiene callerid
1739022963.33426,,,Tiene grabacion,No tiene callerid
1739022965.3343,,,Tiene grabacion,No tiene callerid
1739022975.33438,,,Tiene grabacion,No tiene callerid
1739023000.33445,,,Tiene grabacion,No tiene callerid
1739023029.33455,,,Tiene grabacion,No tiene callerid
1739023036.33458,,,Tiene grabacion,No tiene callerid
1739023055.33463,,,No tiene grabacion,No tiene callerid
1739023081.33475,,,Tiene grabacion,No tiene callerid
1739023082.33476,,,Tiene grabacion,No tiene callerid
1739023101.33488,,,Tiene grabacion,No tiene callerid
1739023113.3349,,,Tiene grabacion,No tiene callerid
1739023115.33494,,,Tiene grabacion,No tiene callerid
1739023119.335,,,Tiene grabacion,No tiene callerid
1739023133.33505,,,Tiene grabacion,No tiene callerid
1739023138.33508,,,Tiene grabacion,No tiene callerid
1739023171.33516,,,Tiene grabacion,No tiene callerid
1739023208.33527,,,Tiene grabacion,No tiene callerid
1739023233.33538,,,No tiene grabacion,No tiene callerid
1739023250.33546,,,Tiene grabacion,No tiene callerid
1739023254.33548,,,Tiene grabacion,No tiene callerid
1739023282.3355,,,Tiene grabacion,No tiene callerid
1739023283.33555,,,Tiene grabacion,No tiene callerid
1739023293.33562,,,Tiene grabacion,No tiene callerid
1739023332.3357,,,Tiene grabacion,No tiene callerid
1739023335.33574,,,Tiene grabacion,No tiene callerid
1739023336.33578,,,Tiene grabacion,No tiene callerid
1739023357.33584,,,Tiene grabacion,No tiene callerid
1739023362.33588,,,Tiene grabacion,No tiene callerid
1739023381.336,,,Tiene grabacion,No tiene callerid
1739023415.33616,,,Tiene grabacion,No tiene callerid
1739023425.33621,,,Tiene grabacion,No tiene callerid
1739023425.33622,,,Tiene grabacion,No tiene callerid
1739023428.33626,,,Tiene grabacion,No tiene callerid
1739023465.33638,,,Tiene grabacion,No tiene callerid
1739023476.33644,,,Tiene grabacion,No tiene callerid
1739023481.33649,,,Tiene grabacion,No tiene callerid
1739023487.33652,,,Tiene grabacion,No tiene callerid
1739023490.33654,,,Tiene grabacion,No tiene callerid
1739023508.33663,,,Tiene grabacion,No tiene callerid
1739023535.33664,,,Tiene grabacion,No tiene callerid
1739023567.33674,,,Tiene grabacion,No tiene callerid
1739023591.33685,,,Tiene grabacion,No tiene callerid
1739023592.33687,,,Tiene grabacion,No tiene callerid
1739023597.3369,,,Tiene grabacion,No tiene callerid
1739023608.33692,,,Tiene grabacion,No tiene callerid
1739023658.33712,,,Tiene grabacion,No tiene callerid
1739023664.33714,,,Tiene grabacion,No tiene callerid
1739023682.33718,,,Tiene grabacion,No tiene callerid
1739023699.33721,,,Tiene grabacion,No tiene callerid
1739023705.33723,,,Tiene grabacion,No tiene callerid
1739023710.33726,,,Tiene grabacion,No tiene callerid
1739023728.33729,,,Tiene grabacion,No tiene callerid
1739023732.33731,,,Tiene grabacion,No tiene callerid
1739023741.33733,,,Tiene grabacion,No tiene callerid
1739023780.33756,,,Tiene grabacion,No tiene callerid
1739023797.33758,,,Tiene grabacion,No tiene callerid
1739023807.33769,,,Tiene grabacion,No tiene callerid
1739023808.33771,,,Tiene grabacion,No tiene callerid
1739023906.33792,,,Tiene grabacion,No tiene callerid
1739023932.33798,,,Tiene grabacion,No tiene callerid
1739023937.33801,,,Tiene grabacion,No tiene callerid
1739023959.33807,,,Tiene grabacion,No tiene callerid
1739023993.33818,,,Tiene grabacion,No tiene callerid
1739023999.33821,,,Tiene grabacion,No tiene callerid
1739024022.33826,,,Tiene grabacion,No tiene callerid
1739024032.33828,,,Tiene grabacion,No tiene callerid
1739024035.3383,,,Tiene grabacion,No tiene callerid
1739024039.33833,,,Tiene grabacion,No tiene callerid
1739024056.33845,,,Tiene grabacion,No tiene callerid
1739024069.33851,,,Tiene grabacion,No tiene callerid
1739024074.33853,,,Tiene grabacion,No tiene callerid
1739024088.33855,,,Tiene grabacion,No tiene callerid
1739024088.33856,,,Tiene grabacion,No tiene callerid
1739024109.33871,,,Tiene grabacion,No tiene callerid
1739024112.33877,,,Tiene grabacion,No tiene callerid
1739024126.33883,,,Tiene grabacion,No tiene callerid
1739024155.33894,,,Tiene grabacion,No tiene callerid
1739024172.33896,,,Tiene grabacion,No tiene callerid
1739024185.33903,,,Tiene grabacion,No tiene callerid
1739024214.33915,,,Tiene grabacion,No tiene callerid
1739024247.33927,,,Tiene grabacion,No tiene callerid
1739024247.33928,,,Tiene grabacion,No tiene callerid
1739024259.33934,,,Tiene grabacion,No tiene callerid
1739024330.33947,,,Tiene grabacion,No tiene callerid
1739024332.33951,,,Tiene grabacion,No tiene callerid
1739024333.33952,,,Tiene grabacion,No tiene callerid
1739024351.33963,,,Tiene grabacion,No tiene callerid
1739024353.33968,,,Tiene grabacion,No tiene callerid
1739024356.33972,,,Tiene grabacion,No tiene callerid
1739024381.33975,,,Tiene grabacion,No tiene callerid
1739024392.33978,,,Tiene grabacion,No tiene callerid
1739024395.3398,,,Tiene grabacion,No tiene callerid
1739024405.33984,,,Tiene grabacion,No tiene callerid
1739024407.33987,,,Tiene grabacion,No tiene callerid
1739024444.34003,,,Tiene grabacion,No tiene callerid
1739024445.34004,,,Tiene grabacion,No tiene callerid
1739024464.34015,,,Tiene grabacion,No tiene callerid
1739024477.34019,,,Tiene grabacion,No tiene callerid
1739024495.34026,,,Tiene grabacion,No tiene callerid
1739024504.34029,,,Tiene grabacion,No tiene callerid
1739024530.3404,,,Tiene grabacion,No tiene callerid
1739024536.34042,,,Tiene grabacion,No tiene callerid
1739024542.34044,,,Tiene grabacion,No tiene callerid
1739024566.34053,,,Tiene grabacion,No tiene callerid
1739024596.34061,,,Tiene grabacion,No tiene callerid
1739024641.34065,,,Tiene grabacion,No tiene callerid
1739024701.34076,,,Tiene grabacion,No tiene callerid
1739024704.34078,,,Tiene grabacion,No tiene callerid
1739024708.34081,,,Tiene grabacion,No tiene callerid
1739024729.34085,,,Tiene grabacion,No tiene callerid
1739024736.34088,,,Tiene grabacion,No tiene callerid
1739024749.34092,,,Tiene grabacion,No tiene callerid
1739024751.34094,,,Tiene grabacion,No tiene callerid
1739024757.34097,,,Tiene grabacion,No tiene callerid
1739024773.34102,,,Tiene grabacion,No tiene callerid
1739024776.34107,,,Tiene grabacion,No tiene callerid
1739024806.34114,,,Tiene grabacion,No tiene callerid
1739024839.34125,,,Tiene grabacion,No tiene callerid
1739024842.34128,,,Tiene grabacion,No tiene callerid
1739024844.34129,,,Tiene grabacion,No tiene callerid
1739024862.34131,,,Tiene grabacion,No tiene callerid
1739024901.34138,,,Tiene grabacion,No tiene callerid
1739024925.34146,,,Tiene grabacion,No tiene callerid
1739024963.34153,,,Tiene grabacion,No tiene callerid
1739024981.34155,,,Tiene grabacion,No tiene callerid
1739025020.34161,,,Tiene grabacion,No tiene callerid
1739025024.34165,,,Tiene grabacion,No tiene callerid
1739025068.34169,,,Tiene grabacion,No tiene callerid
1739025070.34171,,,Tiene grabacion,No tiene callerid
1739025100.34174,,,No tiene grabacion,No tiene callerid
1739025107.34177,,,Tiene grabacion,No tiene callerid
1739025115.3418,,,No tiene grabacion,No tiene callerid
1739025137.34183,,,Tiene grabacion,No tiene callerid
1739025148.34185,,,Tiene grabacion,No tiene callerid
1739025150.34187,,,Tiene grabacion,No tiene callerid
1739025159.34191,,,Tiene grabacion,No tiene callerid
1739025161.34194,,,Tiene grabacion,No tiene callerid
1739025163.34196,,,Tiene grabacion,No tiene callerid
1739025169.34199,,,Tiene grabacion,No tiene callerid
1739025170.34203,,,Tiene grabacion,No tiene callerid
1739025179.34206,,,Tiene grabacion,No tiene callerid
1739025179.34207,,,Tiene grabacion,No tiene callerid
1739025183.34213,,,Tiene grabacion,No tiene callerid
1739025206.34225,,,Tiene grabacion,No tiene callerid
1739025222.34232,,,Tiene grabacion,No tiene callerid
1739025232.34238,,,Tiene grabacion,"}"")"
1739025241.34247,,,Tiene grabacion,No tiene callerid
1739025264.34249,,,Tiene grabacion,No tiene callerid
1739025273.34259,,,Tiene grabacion,No tiene callerid
1739025296.34264,,,Tiene grabacion,No tiene callerid
1739025322.3427,,,Tiene grabacion,No tiene callerid
1739025341.3428,,,Tiene grabacion,No tiene callerid
1739025345.34282,,,Tiene grabacion,No tiene callerid
1739025366.34284,,,Tiene grabacion,No tiene callerid
1739025378.34287,,,Tiene grabacion,No tiene callerid
1739025416.34304,,,Tiene grabacion,No tiene callerid
1739025421.34309,,,No tiene grabacion,No tiene callerid
1739025429.34312,,,Tiene grabacion,No tiene callerid
1739025437.34319,,,Tiene grabacion,No tiene callerid
1739025437.3432,,,Tiene grabacion,No tiene callerid
1739025440.34322,,,Tiene grabacion,No tiene callerid
1739025451.3433,,,Tiene grabacion,No tiene callerid
1739025476.34338,,,Tiene grabacion,No tiene callerid
1739025496.3434,,,Tiene grabacion,No tiene callerid
1739025519.34344,,,Tiene grabacion,No tiene callerid
1739025524.34346,,,Tiene grabacion,No tiene callerid
1739025532.34349,,,Tiene grabacion,No tiene callerid
1739025545.34358,,,Tiene grabacion,No tiene callerid
1739025576.3436,,,Tiene grabacion,No tiene callerid
1739025585.34362,,,Tiene grabacion,No tiene callerid
1739025589.34369,,,Tiene grabacion,No tiene callerid
1739025601.34375,,,Tiene grabacion,No tiene callerid
1739025614.34379,,,Tiene grabacion,No tiene callerid
1739025615.34382,,,Tiene grabacion,No tiene callerid
1739025635.34388,,,Tiene grabacion,No tiene callerid
1739025649.34392,,,Tiene grabacion,No tiene callerid
1739025659.34396,,,Tiene grabacion,No tiene callerid
1739025681.34401,,,Tiene grabacion,No tiene callerid
1739025688.34406,,,Tiene grabacion,No tiene callerid
1739025689.34407,,,Tiene grabacion,No tiene callerid
1739025691.34411,,,Tiene grabacion,No tiene callerid
1739025753.34431,,,Tiene grabacion,No tiene callerid
1739025762.34436,,,Tiene grabacion,No tiene callerid
1739025763.34438,,,Tiene grabacion,No tiene callerid
1739025771.34444,,,Tiene grabacion,No tiene callerid
1739025781.34446,,,Tiene grabacion,No tiene callerid
1739025789.34448,,,Tiene grabacion,No tiene callerid
1739025801.34456,,,Tiene grabacion,No tiene callerid
1739025825.34458,,,Tiene grabacion,No tiene callerid
1739025831.3446,,,Tiene grabacion,No tiene callerid
1739025865.34474,,,Tiene grabacion,No tiene callerid
1739025868.34476,,,Tiene grabacion,No tiene callerid
1739025879.34478,,,Tiene grabacion,No tiene callerid
1739025896.34489,,,Tiene grabacion,No tiene callerid
1739025896.34492,,,Tiene grabacion,No tiene callerid
1739025900.34494,,,Tiene grabacion,No tiene callerid
1739025908.34496,,,Tiene grabacion,No tiene callerid
1739025911.34499,,,Tiene grabacion,No tiene callerid
1739025936.34507,,,Tiene grabacion,No tiene callerid
1739025944.34511,,,Tiene grabacion,No tiene callerid
1739025955.34516,,,Tiene grabacion,No tiene callerid
1739025965.34519,,,No tiene grabacion,No tiene callerid
1739025969.34523,,,Tiene grabacion,No tiene callerid
1739026009.3454,,,Tiene grabacion,No tiene callerid
1739026014.34543,,,Tiene grabacion,"}"")"
1739026014.34544,,,Tiene grabacion,No tiene callerid
1739026048.3456,,,Tiene grabacion,No tiene callerid
1739026049.34562,,,Tiene grabacion,No tiene callerid
1739026050.34565,,,Tiene grabacion,No tiene callerid
1739026075.34574,,,Tiene grabacion,No tiene callerid
1739026084.34582,,,Tiene grabacion,No tiene callerid
1739026120.34593,,,Tiene grabacion,No tiene callerid
1739026125.34597,,,Tiene grabacion,No tiene callerid
1739026128.34599,,,Tiene grabacion,No tiene callerid
1739026134.34603,,,Tiene grabacion,No tiene callerid
1739026201.34625,,,Tiene grabacion,No tiene callerid
1739026202.34627,,,Tiene grabacion,No tiene callerid
1739026205.34629,,,Tiene grabacion,No tiene callerid
1739026227.34641,,,Tiene grabacion,No tiene callerid
1739026240.34664,,,Tiene grabacion,No tiene callerid
1739026266.34674,,,Tiene grabacion,No tiene callerid
1739026268.34678,,,Tiene grabacion,No tiene callerid
1739026272.34681,,,No tiene grabacion,No tiene callerid
1739026275.34684,,,Tiene grabacion,No tiene callerid
1739026280.34686,,,Tiene grabacion,No tiene callerid
1739026305.34702,,,Tiene grabacion,No tiene callerid
1739026326.34705,,,Tiene grabacion,No tiene callerid
1739026328.34711,,,Tiene grabacion,No tiene callerid
1739026376.3472,,,Tiene grabacion,No tiene callerid
1739026377.34722,,,Tiene grabacion,No tiene callerid
1739026425.3474,,,Tiene grabacion,No tiene callerid
1739026425.34741,,,Tiene grabacion,No tiene callerid
1739026428.34747,,,Tiene grabacion,No tiene callerid
1739026443.34754,,,Tiene grabacion,No tiene callerid
1739026456.34758,,,Tiene grabacion,No tiene callerid
1739026471.34761,,,Tiene grabacion,No tiene callerid
1739026473.34763,,,Tiene grabacion,No tiene callerid
1739026492.34772,,,Tiene grabacion,No tiene callerid
1739026523.34781,,,Tiene grabacion,No tiene callerid
1739026540.34789,,,Tiene grabacion,No tiene callerid
1739026544.34791,,,Tiene grabacion,No tiene callerid
1739026554.34793,,,Tiene grabacion,No tiene callerid
1739026587.34803,,,Tiene grabacion,No tiene callerid
1739026618.3481,,,Tiene grabacion,No tiene callerid
1739026620.34814,,,Tiene grabacion,No tiene callerid
1739026629.34817,,,Tiene grabacion,No tiene callerid
1739026635.3482,,,Tiene grabacion,No tiene callerid
1739026637.34823,,,Tiene grabacion,No tiene callerid
1739026637.34824,,,Tiene grabacion,No tiene callerid
1739026641.34829,,,Tiene grabacion,No tiene callerid
1739026650.34833,,,Tiene grabacion,No tiene callerid
1739026652.34835,,,Tiene grabacion,No tiene callerid
1739026655.34839,,,Tiene grabacion,No tiene callerid
1739026661.34843,,,Tiene grabacion,No tiene callerid
1739026664.34847,,,Tiene grabacion,No tiene callerid
1739026705.34871,,,Tiene grabacion,No tiene callerid
1739026718.34879,,,Tiene grabacion,No tiene callerid
1739026719.34882,,,Tiene grabacion,No tiene callerid
1739026733.34896,,,Tiene grabacion,No tiene callerid
1739026736.34902,,,Tiene grabacion,No tiene callerid
1739026768.34906,,,Tiene grabacion,No tiene callerid
1739026778.34909,,,Tiene grabacion,No tiene callerid
1739026784.34914,,,Tiene grabacion,No tiene callerid
1739026791.34917,,,Tiene grabacion,No tiene callerid
1739026798.34919,,,Tiene grabacion,No tiene callerid
1739026801.34924,,,Tiene grabacion,No tiene callerid
1739026802.34927,,,Tiene grabacion,No tiene callerid
1739026808.34931,,,Tiene grabacion,No tiene callerid
1739026827.34938,,,Tiene grabacion,No tiene callerid
1739026874.3495,,,Tiene grabacion,No tiene callerid
1739026881.34953,,,Tiene grabacion,No tiene callerid
1739026883.34957,,,Tiene grabacion,No tiene callerid
1739026895.34967,,,Tiene grabacion,No tiene callerid
1739026898.3497,,,Tiene grabacion,No tiene callerid
1739026902.3498,,,Tiene grabacion,No tiene callerid
1739026911.34987,,,Tiene grabacion,No tiene callerid
1739026943.3501,,,Tiene grabacion,No tiene callerid
1739026948.35014,,,Tiene grabacion,No tiene callerid
1739026952.35025,,,Tiene grabacion,No tiene callerid
1739026962.3503,,,Tiene grabacion,No tiene callerid
1739026977.35037,,,Tiene grabacion,No tiene callerid
1739026992.35043,,,Tiene grabacion,No tiene callerid
1739026995.35047,,,Tiene grabacion,No tiene callerid
1739027002.35049,,,Tiene grabacion,No tiene callerid
1739027013.35055,,,Tiene grabacion,No tiene callerid
1739027014.35056,,,Tiene grabacion,No tiene callerid
1739027018.35064,,,Tiene grabacion,No tiene callerid
1739027027.35071,,,Tiene grabacion,No tiene callerid
1739027031.35074,,,Tiene grabacion,No tiene callerid
1739027041.35076,,,Tiene grabacion,No tiene callerid
1739027060.3509,,,Tiene grabacion,No tiene callerid
1739027080.35104,,,Tiene grabacion,No tiene callerid
1739027085.35109,,,Tiene grabacion,No tiene callerid
1739027098.35118,,,Tiene grabacion,No tiene callerid
1739027112.35134,,,Tiene grabacion,No tiene callerid
1739027113.35135,,,Tiene grabacion,No tiene callerid
1739027118.35139,,,Tiene grabacion,No tiene callerid
1739027119.35141,,,Tiene grabacion,No tiene callerid
1739027120.35144,,,Tiene grabacion,No tiene callerid
1739027139.35152,,,Tiene grabacion,No tiene callerid
1739027143.35156,,,Tiene grabacion,No tiene callerid
1739027168.35163,,,Tiene grabacion,No tiene callerid
1739027177.35168,,,Tiene grabacion,No tiene callerid
1739027190.35174,,,Tiene grabacion,No tiene callerid
1739027190.35175,,,Tiene grabacion,No tiene callerid
1739027192.3518,,,Tiene grabacion,No tiene callerid
1739027211.35186,,,Tiene grabacion,No tiene callerid
1739027230.35191,,,Tiene grabacion,No tiene callerid
1739027246.35202,,,Tiene grabacion,No tiene callerid
1739027249.35204,,,Tiene grabacion,No tiene callerid
1739027252.35209,,,Tiene grabacion,No tiene callerid
1739027258.35214,,,Tiene grabacion,No tiene callerid
1739027294.35217,,,Tiene grabacion,No tiene callerid
1739027299.35219,,,Tiene grabacion,No tiene callerid
1739027300.35221,,,Tiene grabacion,No tiene callerid
1739027325.3523,,,Tiene grabacion,No tiene callerid
1739027328.35233,,,Tiene grabacion,No tiene callerid
1739027335.35236,,,Tiene grabacion,No tiene callerid
1739027343.35238,,,Tiene grabacion,No tiene callerid
1739027365.35243,,,Tiene grabacion,No tiene callerid
1739027366.35244,,,Tiene grabacion,No tiene callerid
1739027374.35248,,,Tiene grabacion,No tiene callerid
1739027396.35259,,,Tiene grabacion,No tiene callerid
1739027400.35261,,,Tiene grabacion,No tiene callerid
1739027409.35265,,,Tiene grabacion,No tiene callerid
1739027416.35268,,,Tiene grabacion,No tiene callerid
1739027443.3528,,,Tiene grabacion,No tiene callerid
1739027465.35284,,,Tiene grabacion,No tiene callerid
1739027469.35286,,,Tiene grabacion,No tiene callerid
1739027470.35287,,,Tiene grabacion,No tiene callerid
1739027481.3529,,,Tiene grabacion,No tiene callerid
1739027525.35307,,,Tiene grabacion,No tiene callerid
1739027536.35315,,,Tiene grabacion,No tiene callerid
1739027540.35317,,,Tiene grabacion,No tiene callerid
1739027560.35321,,,Tiene grabacion,No tiene callerid
1739027564.35323,,,Tiene grabacion,No tiene callerid
1739027567.35327,,,Tiene grabacion,No tiene callerid
1739027569.35329,,,Tiene grabacion,No tiene callerid
1739027587.35339,,,Tiene grabacion,No tiene callerid
1739027594.35341,,,Tiene grabacion,"}"")"
1739027595.35342,,,Tiene grabacion,No tiene callerid
1739027601.35346,,,Tiene grabacion,No tiene callerid
1739027608.35348,,,Tiene grabacion,No tiene callerid
1739027635.35352,,,Tiene grabacion,No tiene callerid
1739027636.35353,,,Tiene grabacion,No tiene callerid
1739027656.35369,,,Tiene grabacion,No tiene callerid
1739027682.35375,,,Tiene grabacion,No tiene callerid
1739027688.35379,,,Tiene grabacion,No tiene callerid
1739027690.35381,,,Tiene grabacion,No tiene callerid
1739027711.3539,,,Tiene grabacion,No tiene callerid
1739027718.35392,,,Tiene grabacion,No tiene callerid
1739027728.35394,,,Tiene grabacion,No tiene callerid
1739027762.35405,,,Tiene grabacion,No tiene callerid
1739027766.35409,,,Tiene grabacion,No tiene callerid
1739027767.3541,,,Tiene grabacion,No tiene callerid
1739027771.35414,,,Tiene grabacion,No tiene callerid
1739027801.35423,,,Tiene grabacion,No tiene callerid
1739027811.3543,,,Tiene grabacion,No tiene callerid
1739027845.35437,,,Tiene grabacion,No tiene callerid
1739027845.35438,,,Tiene grabacion,No tiene callerid
1739027848.35445,,,Tiene grabacion,No tiene callerid
1739027900.3546,,,Tiene grabacion,No tiene callerid
1739027909.35468,,,Tiene grabacion,No tiene callerid
1739027925.35472,,,Tiene grabacion,No tiene callerid
1739027954.35484,,,Tiene grabacion,No tiene callerid
1739027979.3549,,,Tiene grabacion,No tiene callerid
1739027989.35492,,,Tiene grabacion,No tiene callerid
1739027990.35493,,,Tiene grabacion,No tiene callerid
1739028016.35505,,,Tiene grabacion,No tiene callerid
1739028016.35506,,,Tiene grabacion,No tiene callerid
1739028033.35509,,,Tiene grabacion,No tiene callerid
1739028037.35512,,,Tiene grabacion,No tiene callerid
1739028040.35514,,,Tiene grabacion,No tiene callerid
1739028047.35516,,,Tiene grabacion,No tiene callerid
1739028090.35531,,,Tiene grabacion,No tiene callerid
1739028100.35536,,,Tiene grabacion,No tiene callerid
1739028109.35537,,,Tiene grabacion,No tiene callerid
1739028113.35543,,,Tiene grabacion,No tiene callerid
1739028124.35551,,,Tiene grabacion,No tiene callerid
1739028125.35553,,,Tiene grabacion,No tiene callerid
1739028149.35562,,,Tiene grabacion,No tiene callerid
1739028150.35564,,,Tiene grabacion,No tiene callerid
1739028151.35565,,,Tiene grabacion,No tiene callerid
1739028167.35568,,,Tiene grabacion,No tiene callerid
1739028169.35571,,,Tiene grabacion,No tiene callerid
1739028190.35574,,,Tiene grabacion,No tiene callerid
1739028193.35579,,,Tiene grabacion,No tiene callerid
1739028195.35581,,,Tiene grabacion,No tiene callerid
1739028200.35583,,,Tiene grabacion,No tiene callerid
1739028202.35585,,,Tiene grabacion,No tiene callerid
1739028207.35587,,,Tiene grabacion,No tiene callerid
1739028215.35593,,,Tiene grabacion,No tiene callerid
1739028219.35595,,,Tiene grabacion,No tiene callerid
1739028247.35597,,,Tiene grabacion,No tiene callerid
1739028257.35599,,,Tiene grabacion,No tiene callerid
1739028262.35602,,,Tiene grabacion,No tiene callerid
1739028268.35604,,,Tiene grabacion,No tiene callerid
1739028287.35609,,,Tiene grabacion,No tiene callerid
1739028290.35613,,,Tiene grabacion,No tiene callerid
1739028292.35616,,,No tiene grabacion,No tiene callerid
1739028295.35618,,,Tiene grabacion,No tiene callerid
1739028304.3562,,,Tiene grabacion,No tiene callerid
1739028323.35622,,,Tiene grabacion,No tiene callerid
1739028360.35632,,,Tiene grabacion,No tiene callerid
1739028380.35634,,,Tiene grabacion,No tiene callerid
1739028396.35639,,,Tiene grabacion,No tiene callerid
1739028396.3564,,,Tiene grabacion,No tiene callerid
1739028398.35643,,,Tiene grabacion,No tiene callerid
1739028399.35644,,,Tiene grabacion,No tiene callerid
1739028399.35646,,,Tiene grabacion,No tiene callerid
1739028407.35652,,,Tiene grabacion,No tiene callerid
1739028425.35656,,,Tiene grabacion,No tiene callerid
1739028430.3566,,,Tiene grabacion,No tiene callerid
1739028443.35669,,,Tiene grabacion,No tiene callerid
1739028450.35671,,,Tiene grabacion,"}"")"
1739028451.35675,,,No tiene grabacion,No tiene callerid
1739028459.35679,,,Tiene grabacion,No tiene callerid
1739028474.35688,,,Tiene grabacion,No tiene callerid
1739028480.35693,,,Tiene grabacion,No tiene callerid
1739028486.35696,,,Tiene grabacion,No tiene callerid
1739028509.35701,,,Tiene grabacion,No tiene callerid
1739028512.35705,,,Tiene grabacion,No tiene callerid
1739028513.35706,,,Tiene grabacion,No tiene callerid
1739028516.35715,,,Tiene grabacion,No tiene callerid
1739028519.35718,,,Tiene grabacion,No tiene callerid
1739028530.35722,,,Tiene grabacion,No tiene callerid
1739028537.35725,,,Tiene grabacion,No tiene callerid
1739028554.35731,,,Tiene grabacion,No tiene callerid
1739028555.35734,,,Tiene grabacion,No tiene callerid
1739028596.35751,,,Tiene grabacion,No tiene callerid
1739028596.35753,,,No tiene grabacion,No tiene callerid
1739028606.35772,,,Tiene grabacion,No tiene callerid
1739028623.35788,,,Tiene grabacion,No tiene callerid
1739028650.3581,,,Tiene grabacion,No tiene callerid
1739028660.35815,,,Tiene grabacion,No tiene callerid
1739028671.35819,,,Tiene grabacion,No tiene callerid
1739028675.35821,,,Tiene grabacion,No tiene callerid
1739028677.35826,,,Tiene grabacion,No tiene callerid
1739028677.35829,,,Tiene grabacion,No tiene callerid
1739028681.35833,,,Tiene grabacion,No tiene callerid
1739028689.35836,,,Tiene grabacion,No tiene callerid
1739028717.35853,,,Tiene grabacion,No tiene callerid
1739028743.35869,,,Tiene grabacion,No tiene callerid
1739028772.3588,,,Tiene grabacion,No tiene callerid
1739028772.35881,,,Tiene grabacion,No tiene callerid
1739028784.35892,,,No tiene grabacion,No tiene callerid
1739028807.35902,,,Tiene grabacion,No tiene callerid
1739028811.35903,,,Tiene grabacion,No tiene callerid
1739028823.35905,,,Tiene grabacion,No tiene callerid
1739028829.35911,,,Tiene grabacion,No tiene callerid
1739028833.35915,,,Tiene grabacion,No tiene callerid
1739028837.35918,,,Tiene grabacion,No tiene callerid
1739028851.35926,,,Tiene grabacion,No tiene callerid
1739028857.3593,,,Tiene grabacion,"}"")"
1739028861.35935,,,Tiene grabacion,No tiene callerid
1739028881.35942,,,Tiene grabacion,No tiene callerid
1739028884.35945,,,Tiene grabacion,No tiene callerid
1739028897.35954,,,Tiene grabacion,No tiene callerid
1739028902.35956,,,Tiene grabacion,No tiene callerid
1739028906.35958,,,Tiene grabacion,No tiene callerid
1739028916.35965,,,Tiene grabacion,No tiene callerid
1739028924.35972,,,Tiene grabacion,"}"")"
1739028939.35976,,,Tiene grabacion,No tiene callerid
1739028942.35978,,,Tiene grabacion,No tiene callerid
1739028972.35995,,,Tiene grabacion,No tiene callerid
1739028978.36001,,,Tiene grabacion,No tiene callerid
1739028984.36003,,,Tiene grabacion,No tiene callerid
1739028986.36006,,,Tiene grabacion,No tiene callerid
1739029003.36013,,,Tiene grabacion,No tiene callerid
1739029025.36017,,,Tiene grabacion,No tiene callerid
1739029028.36021,,,Tiene grabacion,No tiene callerid
1739029033.36024,,,Tiene grabacion,"}"")"
1739029075.3603,,,Tiene grabacion,No tiene callerid
1739029089.36037,,,Tiene grabacion,No tiene callerid
1739029101.36041,,,Tiene grabacion,No tiene callerid
1739029108.36049,,,Tiene grabacion,No tiene callerid
1739029123.36059,,,Tiene grabacion,No tiene callerid
1739029133.36062,,,Tiene grabacion,No tiene callerid
1739029139.36066,,,Tiene grabacion,No tiene callerid
1739029151.36071,,,Tiene grabacion,No tiene callerid
1739029162.36075,,,Tiene grabacion,No tiene callerid
1739029168.36079,,,Tiene grabacion,No tiene callerid
1739029171.36082,,,Tiene grabacion,No tiene callerid
1739029173.36087,,,Tiene grabacion,No tiene callerid
1739029204.36101,,,No tiene grabacion,No tiene callerid
1739029205.36104,,,Tiene grabacion,No tiene callerid
1739029210.3611,,,Tiene grabacion,No tiene callerid
1739029211.36115,,,No tiene grabacion,No tiene callerid
1739029212.36117,,,No tiene grabacion,No tiene callerid
1739029233.36128,,,Tiene grabacion,No tiene callerid
1739029239.36136,,,Tiene grabacion,No tiene callerid
1739029246.36141,,,Tiene grabacion,No tiene callerid
1739029255.36152,,,Tiene grabacion,No tiene callerid
1739029267.36163,,,Tiene grabacion,No tiene callerid
1739029272.36165,,,Tiene grabacion,No tiene callerid
1739029303.36175,,,Tiene grabacion,No tiene callerid
1739029316.36181,,,Tiene grabacion,No tiene callerid
1739029329.36191,,,Tiene grabacion,No tiene callerid
1739029332.36195,,,Tiene grabacion,No tiene callerid
1739029336.362,,,Tiene grabacion,No tiene callerid
1739029351.3621,,,Tiene grabacion,No tiene callerid
1739029361.36215,,,Tiene grabacion,No tiene callerid
1739029362.36216,,,Tiene grabacion,No tiene callerid
1739029365.36224,,,Tiene grabacion,No tiene callerid
1739029370.3623,,,Tiene grabacion,No tiene callerid
1739029376.36234,,,Tiene grabacion,No tiene callerid
1739029378.36237,,,Tiene grabacion,No tiene callerid
1739029385.36247,,,Tiene grabacion,No tiene callerid
1739029388.36249,,,Tiene grabacion,No tiene callerid
1739029389.36251,,,Tiene grabacion,No tiene callerid
1739029398.36258,,,Tiene grabacion,No tiene callerid
1739029414.36265,,,Tiene grabacion,No tiene callerid
1739029422.36275,,,Tiene grabacion,No tiene callerid
1739029452.36285,,,Tiene grabacion,No tiene callerid
1739029452.36286,,,Tiene grabacion,No tiene callerid
1739029458.36302,,,Tiene grabacion,No tiene callerid
1739029459.36303,,,Tiene grabacion,No tiene callerid
1739029463.3631,,,Tiene grabacion,No tiene callerid
1739029472.36315,,,Tiene grabacion,No tiene callerid
1739029477.36321,,,Tiene grabacion,No tiene callerid
1739029491.3633,,,Tiene grabacion,No tiene callerid
1739029504.36338,,,Tiene grabacion,No tiene callerid
1739029505.36339,,,Tiene grabacion,No tiene callerid
1739029506.36344,,,Tiene grabacion,No tiene callerid
1739029545.36366,,,No tiene grabacion,No tiene callerid
1739029550.36369,,,Tiene grabacion,No tiene callerid
1739029552.36373,,,Tiene grabacion,No tiene callerid
1739029567.36384,,,Tiene grabacion,No tiene callerid
1739029574.36386,,,Tiene grabacion,No tiene callerid
1739029591.36399,,,Tiene grabacion,No tiene callerid
1739029599.36411,,,Tiene grabacion,No tiene callerid
1739029618.36441,,,Tiene grabacion,No tiene callerid
1739029640.36451,,,Tiene grabacion,No tiene callerid
1739029644.36458,,,Tiene grabacion,No tiene callerid
1739029650.36462,,,Tiene grabacion,No tiene callerid
1739029669.36468,,,Tiene grabacion,No tiene callerid
1739029673.36471,,,Tiene grabacion,No tiene callerid
1739029674.36473,,,Tiene grabacion,No tiene callerid
1739029694.36484,,,Tiene grabacion,No tiene callerid
1739029701.36492,,,Tiene grabacion,No tiene callerid
1739029704.36496,,,Tiene grabacion,No tiene callerid
1739029705.36497,,,Tiene grabacion,No tiene callerid
1739029705.36498,,,Tiene grabacion,No tiene callerid
1739029719.36508,,,Tiene grabacion,No tiene callerid
1739029742.36525,,,Tiene grabacion,No tiene callerid
1739029753.36543,,,Tiene grabacion,No tiene callerid
1739029780.36549,,,Tiene grabacion,No tiene callerid
1739029811.3656,,,Tiene grabacion,No tiene callerid
1739029815.36565,,,Tiene grabacion,No tiene callerid
1739029818.36566,,,Tiene grabacion,No tiene callerid
1739029819.36567,,,Tiene grabacion,No tiene callerid
1739029828.36575,,,Tiene grabacion,No tiene callerid
1739029834.36578,,,Tiene grabacion,No tiene callerid
1739029843.36586,,,Tiene grabacion,No tiene callerid
1739029850.3659,,,Tiene grabacion,No tiene callerid
1739029860.36593,,,Tiene grabacion,No tiene callerid
1739029865.36597,,,Tiene grabacion,No tiene callerid
1739029871.36601,,,Tiene grabacion,No tiene callerid
1739029880.36608,,,Tiene grabacion,No tiene callerid
1739029902.36622,,,Tiene grabacion,No tiene callerid
1739029914.36629,,,Tiene grabacion,No tiene callerid
1739029916.36632,,,Tiene grabacion,No tiene callerid
1739029920.36636,,,Tiene grabacion,No tiene callerid
1739029928.36641,,,Tiene grabacion,No tiene callerid
1739029929.36643,,,Tiene grabacion,No tiene callerid
1739029933.36646,,,Tiene grabacion,No tiene callerid
1739029941.36653,,,Tiene grabacion,No tiene callerid
1739029963.36663,,,Tiene grabacion,No tiene callerid
1739029976.36678,,,Tiene grabacion,No tiene callerid
1739029986.36683,,,Tiene grabacion,No tiene callerid
1739030016.36697,,,Tiene grabacion,No tiene callerid
1739030019.367,,,Tiene grabacion,No tiene callerid
1739030029.3671,,,Tiene grabacion,No tiene callerid
1739030033.36716,,,No tiene grabacion,No tiene callerid
1739030037.3672,,,Tiene grabacion,No tiene callerid
1739030040.36723,,,Tiene grabacion,No tiene callerid
1739030053.36734,,,Tiene grabacion,No tiene callerid
1739030060.36744,,,Tiene grabacion,No tiene callerid
1739030066.36747,,,Tiene grabacion,No tiene callerid
1739030089.36764,,,Tiene grabacion,No tiene callerid
1739030106.36773,,,Tiene grabacion,No tiene callerid
1739030117.3679,,,Tiene grabacion,No tiene callerid
1739030125.36797,,,Tiene grabacion,No tiene callerid
1739030134.36804,,,Tiene grabacion,No tiene callerid
1739030151.36813,,,Tiene grabacion,No tiene callerid
1739030158.36821,,,Tiene grabacion,No tiene callerid
1739030159.36826,,,Tiene grabacion,No tiene callerid
1739030163.36829,,,Tiene grabacion,No tiene callerid
1739030181.36836,,,Tiene grabacion,No tiene callerid
1739030193.3684,,,Tiene grabacion,No tiene callerid
1739030198.36843,,,Tiene grabacion,No tiene callerid
1739030203.36845,,,Tiene grabacion,No tiene callerid
1739030218.36858,,,Tiene grabacion,No tiene callerid
1739030254.36887,,,Tiene grabacion,No tiene callerid
1739030258.36892,,,Tiene grabacion,No tiene callerid
1739030259.36893,,,Tiene grabacion,No tiene callerid
1739030277.36902,,,Tiene grabacion,No tiene callerid
1739030289.36905,,,Tiene grabacion,No tiene callerid
1739030301.36908,,,Tiene grabacion,No tiene callerid
1739030321.36915,,,Tiene grabacion,No tiene callerid
1739030330.36928,,,Tiene grabacion,No tiene callerid
1739030357.36931,,,Tiene grabacion,No tiene callerid
1739030361.36936,,,Tiene grabacion,No tiene callerid
1739030365.36939,,,Tiene grabacion,No tiene callerid
1739030372.36944,,,Tiene grabacion,No tiene callerid
1739030388.36953,,,Tiene grabacion,No tiene callerid
1739030389.36958,,,Tiene grabacion,No tiene callerid
1739030392.3696,,,Tiene grabacion,No tiene callerid
1739030395.36963,,,Tiene grabacion,No tiene callerid
1739030400.36968,,,Tiene grabacion,No tiene callerid
1739030404.36973,,,Tiene grabacion,No tiene callerid
1739030406.36976,,,Tiene grabacion,No tiene callerid
1739030416.36978,,,Tiene grabacion,No tiene callerid
1739030417.36983,,,Tiene grabacion,No tiene callerid
1739030439.37005,,,Tiene grabacion,No tiene callerid
1739030458.37014,,,Tiene grabacion,No tiene callerid
1739030460.37016,,,Tiene grabacion,No tiene callerid
1739030475.37031,,,Tiene grabacion,No tiene callerid
1739030495.37045,,,Tiene grabacion,No tiene callerid
1739030496.37051,,,Tiene grabacion,No tiene callerid
1739030506.37058,,,Tiene grabacion,No tiene callerid
1739030535.37067,,,Tiene grabacion,No tiene callerid
1739030540.3707,,,Tiene grabacion,No tiene callerid
1739030571.37078,,,Tiene grabacion,No tiene callerid
1739030633.37092,,,Tiene grabacion,No tiene callerid
1739030636.37096,,,Tiene grabacion,No tiene callerid
1739030670.37101,,,Tiene grabacion,No tiene callerid
1739030673.37104,,,Tiene grabacion,No tiene callerid
1739030683.37108,,,Tiene grabacion,No tiene callerid
1739030685.37111,,,Tiene grabacion,No tiene callerid
1739030686.37115,,,Tiene grabacion,No tiene callerid
1739030720.37128,,,Tiene grabacion,No tiene callerid
1739030721.37129,,,Tiene grabacion,No tiene callerid
1739030721.3713,,,Tiene grabacion,No tiene callerid
1739030721.37133,,,Tiene grabacion,No tiene callerid
1739030728.37145,,,Tiene grabacion,No tiene callerid
1739030729.37148,,,Tiene grabacion,No tiene callerid
1739030732.37153,,,Tiene grabacion,No tiene callerid
1739030768.37173,,,Tiene grabacion,"}"")"
1739030776.37181,,,Tiene grabacion,No tiene callerid
1739030780.37184,,,Tiene grabacion,No tiene callerid
1739030807.37193,,,Tiene grabacion,"}"")"
1739030834.37199,,,Tiene grabacion,No tiene callerid
1739030856.3721,,,Tiene grabacion,No tiene callerid
1739030888.37218,,,Tiene grabacion,No tiene callerid
1739030890.3722,,,Tiene grabacion,No tiene callerid
1739030899.37225,,,Tiene grabacion,No tiene callerid
1739030900.37228,,,Tiene grabacion,No tiene callerid
1739030900.37229,,,Tiene grabacion,No tiene callerid
1739030903.37238,,,Tiene grabacion,No tiene callerid
1739030904.37239,,,Tiene grabacion,"}"")"
1739030917.37245,,,Tiene grabacion,"}"")"
1739030918.3725,,,Tiene grabacion,No tiene callerid
1739030927.37252,,,Tiene grabacion,"}"")"
1739030941.37263,,,Tiene grabacion,No tiene callerid
1739030944.37266,,,Tiene grabacion,"}"")"
1739030948.3727,,,Tiene grabacion,No tiene callerid
1739030961.37276,,,Tiene grabacion,No tiene callerid
1739030967.37279,,,Tiene grabacion,No tiene callerid
1739030969.37284,,,Tiene grabacion,No tiene callerid
1739030976.37286,,,Tiene grabacion,"}"")"
1739030977.37287,,,Tiene grabacion,""")"
1739030985.37295,,,Tiene grabacion,No tiene callerid
1739030997.37308,,,Tiene grabacion,No tiene callerid
1739031001.37312,,,Tiene grabacion,No tiene callerid
1739031010.37317,,,Tiene grabacion,"}"")"
1739031010.37322,,,Tiene grabacion,No tiene callerid
1739031014.37329,,,No tiene grabacion,No tiene callerid
1739031022.37339,,,Tiene grabacion,""")"
1739031027.37344,,,Tiene grabacion,No tiene callerid
1739031029.37346,,,Tiene grabacion,No tiene callerid
1739031030.37349,,,Tiene grabacion,"}"")"
1739031043.37356,,,No tiene grabacion,No tiene callerid
1739031056.37372,,,Tiene grabacion,No tiene callerid
1739031070.37383,,,Tiene grabacion,No tiene callerid
1739031075.37386,,,Tiene grabacion,"}"")"
1739031078.3739,,,Tiene grabacion,No tiene callerid
1739031095.37394,,,Tiene grabacion,No tiene callerid
1739031118.37405,,,Tiene grabacion,No tiene callerid
1739031136.37409,,,Tiene grabacion,No tiene callerid
1739031136.37411,,,No tiene grabacion,No tiene callerid
1739031156.37428,,,Tiene grabacion,No tiene callerid
1739031164.3743,,,Tiene grabacion,No tiene callerid
1739031165.37436,,,Tiene grabacion,No tiene callerid
1739031165.37437,,,Tiene grabacion,No tiene callerid
1739031185.37447,,,Tiene grabacion,No tiene callerid
1739031196.37454,,,No tiene grabacion,No tiene callerid
1739031209.37461,,,Tiene grabacion,No tiene callerid
1739031213.37466,,,Tiene grabacion,No tiene callerid
1739031220.37471,,,Tiene grabacion,No tiene callerid
1739031226.37474,,,Tiene grabacion,No tiene callerid
1739031241.37479,,,Tiene grabacion,No tiene callerid
1739031265.3749,,,Tiene grabacion,"}"")"
1739031269.37495,,,Tiene grabacion,No tiene callerid
1739031270.37501,,,Tiene grabacion,"}"")"
1739031278.37506,,,Tiene grabacion,No tiene callerid
1739031294.37518,,,Tiene grabacion,No tiene callerid
1739031295.37519,,,Tiene grabacion,No tiene callerid
1739031300.37523,,,Tiene grabacion,No tiene callerid
1739031324.37536,,,Tiene grabacion,No tiene callerid
1739031329.37541,,,No tiene grabacion,No tiene callerid
1739031338.37554,,,Tiene grabacion,"}"")"
1739031343.37559,,,Tiene grabacion,No tiene callerid
1739031348.37565,,,Tiene grabacion,No tiene callerid
1739031358.37585,,,Tiene grabacion,""")"
1739031360.37588,,,Tiene grabacion,""")"
1739031362.37594,,,Tiene grabacion,No tiene callerid
1739031369.37597,,,Tiene grabacion,No tiene callerid
1739031371.376,,,No tiene grabacion,No tiene callerid
1739031373.37606,,,Tiene grabacion,No tiene callerid
1739031385.37629,,,Tiene grabacion,No tiene callerid
1739031407.37639,,,No tiene grabacion,No tiene callerid
1739031422.3765,,,Tiene grabacion,""")"
1739031435.37656,,,Tiene grabacion,No tiene callerid
1739031435.37657,,,Tiene grabacion,No tiene callerid
1739031449.37668,,,Tiene grabacion,No tiene callerid
1739031456.37673,,,Tiene grabacion,No tiene callerid
1739031458.37678,,,Tiene grabacion,No tiene callerid
1739031459.37679,,,Tiene grabacion,No tiene callerid
1739031460.37687,,,Tiene grabacion,No tiene callerid
1739031462.37694,,,No tiene grabacion,No tiene callerid
1739031464.377,,,Tiene grabacion,No tiene callerid
1739031465.37705,,,Tiene grabacion,No tiene callerid
1739031480.37728,,,Tiene grabacion,No tiene callerid
1739031487.37732,,,Tiene grabacion,No tiene callerid
1739031509.37752,,,Tiene grabacion,No tiene callerid
1739031512.37755,,,Tiene grabacion,No tiene callerid
1739031528.37762,,,Tiene grabacion,"}"")"
1739031534.3777,,,No tiene grabacion,No tiene callerid
1739031538.37778,,,Tiene grabacion,No tiene callerid
1739031558.37791,,,Tiene grabacion,No tiene callerid
1739031561.37793,,,Tiene grabacion,No tiene callerid
1739031569.37799,,,Tiene grabacion,No tiene callerid
1739031575.37804,,,Tiene grabacion,No tiene callerid
1739031585.37811,,,Tiene grabacion,No tiene callerid
1739031602.37824,,,Tiene grabacion,No tiene callerid
1739031607.37831,,,Tiene grabacion,"}"")"
1739031632.37849,,,Tiene grabacion,No tiene callerid
1739031632.3785,,,Tiene grabacion,No tiene callerid
1739031650.37865,,,Tiene grabacion,No tiene callerid
1739031651.37866,,,Tiene grabacion,No tiene callerid
1739031656.37869,,,Tiene grabacion,No tiene callerid
1739031678.37882,,,Tiene grabacion,No tiene callerid
1739031686.37886,,,Tiene grabacion,No tiene callerid
1739031690.37892,,,Tiene grabacion,No tiene callerid
1739031701.37899,,,Tiene grabacion,No tiene callerid
1739031713.3791,,,Tiene grabacion,No tiene callerid
1739031713.37912,,,No tiene grabacion,No tiene callerid
1739031713.37913,,,Tiene grabacion,No tiene callerid
1739031745.3795,,,Tiene grabacion,""")"
1739031747.37953,,,Tiene grabacion,""")"
1739031752.37959,,,Tiene grabacion,No tiene callerid
1739031754.3797,,,Tiene grabacion,No tiene callerid
1739031759.37973,,,Tiene grabacion,""")"
1739031764.37983,,,No tiene grabacion,No tiene callerid
1739031767.37991,,,No tiene grabacion,No tiene callerid
1739031774.37998,,,Tiene grabacion,No tiene callerid
1739031788.38004,,,Tiene grabacion,""")"
1739031792.38016,,,No tiene grabacion,No tiene callerid
1739031807.38031,,,Tiene grabacion,No tiene callerid
1739031821.38039,,,Tiene grabacion,No tiene callerid
1739031830.38047,,,Tiene grabacion,No tiene callerid
1739031838.3805,,,Tiene grabacion,No tiene callerid
1739031850.38068,,,No tiene grabacion,No tiene callerid
1739031852.3807,,,Tiene grabacion,No tiene callerid
1739031864.38086,,,Tiene grabacion,No tiene callerid
1739031875.38122,,,Tiene grabacion,No tiene callerid
1739031883.38124,,,Tiene grabacion,No tiene callerid
1739031896.38131,,,Tiene grabacion,""")"
1739031900.38138,,,No tiene grabacion,No tiene callerid
1739031902.38141,,,Tiene grabacion,""")"
1739031918.38148,,,No tiene grabacion,No tiene callerid
1739031937.38159,,,Tiene grabacion,No tiene callerid
1739031940.38161,,,Tiene grabacion,No tiene callerid
1739031952.38172,,,Tiene grabacion,No tiene callerid
1739031962.38189,,,Tiene grabacion,No tiene callerid
1739031962.38191,,,Tiene grabacion,No tiene callerid
1739031970.38196,,,Tiene grabacion,No tiene callerid
1739031975.38199,,,Tiene grabacion,""")"
1739031986.38206,,,Tiene grabacion,No tiene callerid
1739031994.38214,,,No tiene grabacion,No tiene callerid
1739031995.38216,,,No tiene grabacion,No tiene callerid
1739031998.38224,,,Tiene grabacion,No tiene callerid
1739032013.3824,,,Tiene grabacion,""")"
1739032041.38266,,,Tiene grabacion,No tiene callerid
1739032061.38284,,,Tiene grabacion,No tiene callerid
1739032072.38296,,,Tiene grabacion,No tiene callerid
1739032077.38305,,,Tiene grabacion,""")"
1739032101.38334,,,Tiene grabacion,No tiene callerid
1739032112.38357,,,Tiene grabacion,No tiene callerid
1739032123.38377,,,Tiene grabacion,""")"
1739032165.38409,,,Tiene grabacion,""")"
1739032181.38431,,,Tiene grabacion,No tiene callerid
1739032195.38447,,,Tiene grabacion,No tiene callerid
1739032226.38475,,,Tiene grabacion,No tiene callerid
1739032226.38476,,,Tiene grabacion,No tiene callerid
1739032239.38485,,,Tiene grabacion,No tiene callerid
1739032244.38502,,,Tiene grabacion,No tiene callerid
1739032292.38526,,,Tiene grabacion,No tiene callerid
1739032297.38528,,,Tiene grabacion,No tiene callerid
1739032303.38532,,,Tiene grabacion,No tiene callerid
1739032349.38537,,,Tiene grabacion,""")"
1739032351.38541,,,Tiene grabacion,No tiene callerid
1739032352.38547,,,Tiene grabacion,""")"
1739032356.38553,,,Tiene grabacion,No tiene callerid
1739032362.38556,,,Tiene grabacion,No tiene callerid
1739032371.38559,,,Tiene grabacion,No tiene callerid
1739032373.38561,,,Tiene grabacion,No tiene callerid
1739032382.38578,,,Tiene grabacion,No tiene callerid
1739032399.38584,,,Tiene grabacion,No tiene callerid
1739032408.38588,,,Tiene grabacion,No tiene callerid
1739032417.38594,,,Tiene grabacion,""")"
1739032423.38602,,,Tiene grabacion,No tiene callerid
1739032446.38634,,,Tiene grabacion,No tiene callerid
1739032453.38639,,,Tiene grabacion,No tiene callerid
1739032473.38658,,,Tiene grabacion,No tiene callerid
1739032484.38676,,,Tiene grabacion,No tiene callerid
1739032486.38682,,,Tiene grabacion,No tiene callerid
1739032504.38691,,,Tiene grabacion,No tiene callerid
1739032526.38702,,,Tiene grabacion,No tiene callerid
1739032555.38717,,,Tiene grabacion,""")"
1739032613.38732,,,Tiene grabacion,No tiene callerid
1739032672.38744,,,Tiene grabacion,No tiene callerid
1739032674.38749,,,Tiene grabacion,No tiene callerid
1739032677.38752,,,Tiene grabacion,No tiene callerid
1739032687.38758,,,Tiene grabacion,No tiene callerid
1739032708.38771,,,Tiene grabacion,No tiene callerid
1739032726.38774,,,Tiene grabacion,No tiene callerid
1739032727.38776,,,Tiene grabacion,""")"
1739032760.38833,,,Tiene grabacion,No tiene callerid
1739032764.38838,,,Tiene grabacion,""")"
1739032791.38844,,,Tiene grabacion,No tiene callerid
1739032812.38855,,,Tiene grabacion,""")"
1739032820.38861,,,Tiene grabacion,No tiene callerid
1739032839.38865,,,Tiene grabacion,No tiene callerid
1739032853.38871,,,Tiene grabacion,No tiene callerid
1739032857.38877,,,Tiene grabacion,No tiene callerid
1739032860.38879,,,Tiene grabacion,No tiene callerid
1739032862.38887,,,Tiene grabacion,No tiene callerid
1739032863.3889,,,Tiene grabacion,No tiene callerid
1739032893.38925,,,Tiene grabacion,""")"
1739032893.38926,,,Tiene grabacion,No tiene callerid
1739032923.38945,,,Tiene grabacion,No tiene callerid
1739032939.38966,,,Tiene grabacion,No tiene callerid
1739032944.38968,,,Tiene grabacion,No tiene callerid
1739032961.38983,,,Tiene grabacion,No tiene callerid
1739032961.38984,,,Tiene grabacion,No tiene callerid
1739032969.38989,,,Tiene grabacion,No tiene callerid
1739032970.39001,,,Tiene grabacion,No tiene callerid
1739032973.39017,,,Tiene grabacion,""")"
1739032976.39023,,,Tiene grabacion,No tiene callerid
1739032979.39025,,,Tiene grabacion,No tiene callerid
1739032991.39033,,,Tiene grabacion,""")"
1739032999.39038,,,Tiene grabacion,No tiene callerid
1739033003.3904,,,Tiene grabacion,No tiene callerid
1739033005.39047,,,Tiene grabacion,""")"
1739033012.39057,,,Tiene grabacion,""")"
1739033051.3908,,,Tiene grabacion,""")"
1739033068.39089,,,Tiene grabacion,No tiene callerid
1739033076.39092,,,Tiene grabacion,""")"
1739033086.39102,,,Tiene grabacion,No tiene callerid
1739033157.39149,,,Tiene grabacion,No tiene callerid
1739033158.39151,,,Tiene grabacion,No tiene callerid
1739033158.39152,,,Tiene grabacion,No tiene callerid
1739033176.3917,,,Tiene grabacion,""")"
1739033200.39187,,,Tiene grabacion,""")"
1739033203.39195,,,Tiene grabacion,No tiene callerid
1739033203.39196,,,Tiene grabacion,No tiene callerid
1739033210.39205,,,Tiene grabacion,""")"
1739033244.39216,,,Tiene grabacion,No tiene callerid
1739033255.39224,,,Tiene grabacion,""")"
1739033265.39237,,,Tiene grabacion,No tiene callerid
1739033284.39241,,,Tiene grabacion,""")"
1739033289.39259,,,Tiene grabacion,No tiene callerid
1739033294.39262,,,Tiene grabacion,""")"
1739033295.39268,,,Tiene grabacion,No tiene callerid
1739033323.3929,,,Tiene grabacion,No tiene callerid
1739033328.39297,,,Tiene grabacion,No tiene callerid
1739033334.39306,,,Tiene grabacion,No tiene callerid
1739033338.39308,,,Tiene grabacion,No tiene callerid
1739033340.39313,,,Tiene grabacion,""")"
1739033359.3932,,,Tiene grabacion,""")"
1739033370.39325,,,Tiene grabacion,No tiene callerid
1739033374.39328,,,Tiene grabacion,No tiene callerid
1739033381.39331,,,Tiene grabacion,No tiene callerid
1739033381.39332,,,Tiene grabacion,No tiene callerid
1739033382.39339,,,Tiene grabacion,""")"
1739033465.39393,,,Tiene grabacion,No tiene callerid
1739033466.39394,,,Tiene grabacion,No tiene callerid
1739033473.39398,,,Tiene grabacion,No tiene callerid
1739033482.39406,,,Tiene grabacion,No tiene callerid
1739033484.39408,,,Tiene grabacion,""")"
1739033485.3941,,,Tiene grabacion,No tiene callerid
1739033493.39413,,,Tiene grabacion,No tiene callerid
1739033506.39425,,,Tiene grabacion,No tiene callerid
1739033510.3943,,,Tiene grabacion,No tiene callerid
1739033518.39435,,,Tiene grabacion,No tiene callerid
1739033557.39476,,,Tiene grabacion,No tiene callerid
1739033591.39486,,,Tiene grabacion,No tiene callerid
1739033602.39494,,,Tiene grabacion,""")"
1739033608.39511,,,Tiene grabacion,No tiene callerid
1739033622.39519,,,Tiene grabacion,No tiene callerid
1739033631.39527,,,Tiene grabacion,No tiene callerid
1739033638.39529,,,Tiene grabacion,No tiene callerid
1739033661.3955,,,Tiene grabacion,No tiene callerid
1739033666.39552,,,Tiene grabacion,No tiene callerid
1739033666.39555,,,Tiene grabacion,""")"
1739033667.39562,,,Tiene grabacion,""")"
1739033686.39573,,,Tiene grabacion,No tiene callerid
1739033705.39578,,,Tiene grabacion,No tiene callerid
1739033720.39583,,,Tiene grabacion,No tiene callerid
1739033726.3959,,,Tiene grabacion,No tiene callerid
1739033741.39618,,,Tiene grabacion,No tiene callerid
1739033765.39633,,,Tiene grabacion,No tiene callerid
1739033771.39639,,,Tiene grabacion,No tiene callerid
1739033795.3968,,,Tiene grabacion,""")"
1739033856.39744,,,Tiene grabacion,No tiene callerid
1739033912.39804,,,Tiene grabacion,No tiene callerid
1739033919.3981,,,Tiene grabacion,No tiene callerid
1739033937.39832,,,Tiene grabacion,""")"
1739033941.39837,,,Tiene grabacion,No tiene callerid
1739033949.39843,,,Tiene grabacion,No tiene callerid
1739033969.39868,,,Tiene grabacion,No tiene callerid
1739033971.39871,,,Tiene grabacion,No tiene callerid
1739033975.39881,,,Tiene grabacion,No tiene callerid
1739033977.3989,,,Tiene grabacion,No tiene callerid
1739033993.39893,,,Tiene grabacion,""")"
1739034021.39922,,,Tiene grabacion,No tiene callerid
1739034038.3996,,,Tiene grabacion,""")"
1739034062.39986,,,Tiene grabacion,""")"
1739034102.40021,,,Tiene grabacion,""")"
1739034116.40032,,,Tiene grabacion,""")"
1739034117.40034,,,Tiene grabacion,No tiene callerid
1739034141.40046,,,Tiene grabacion,No tiene callerid
1739034143.40053,,,Tiene grabacion,No tiene callerid
1739034159.40055,,,Tiene grabacion,""")"
1739034163.40061,,,Tiene grabacion,No tiene callerid
1739034167.40064,,,Tiene grabacion,""")"
1739034206.40086,,,Tiene grabacion,"3f265731-5a81-46e7-2471-e958149813e8"")"
1739034222.40101,,,Tiene grabacion,No tiene callerid
1739034242.40126,,,Tiene grabacion,No tiene callerid
1739034266.40142,,,Tiene grabacion,No tiene callerid
1739034284.40144,,,Tiene grabacion,No tiene callerid
1739034293.40146,,,Tiene grabacion,""")"
1739034295.40152,,,Tiene grabacion,""")"
1739034299.40158,,,Tiene grabacion,""")"
1739034302.4016,,,Tiene grabacion,No tiene callerid
1739034304.40162,,,Tiene grabacion,No tiene callerid
1739034311.40165,,,Tiene grabacion,""")"
1739034319.40166,,,Tiene grabacion,No tiene callerid
1739034353.40203,,,Tiene grabacion,""")"
1739034361.40214,,,Tiene grabacion,""")"
1739034388.40234,,,Tiene grabacion,No tiene callerid
1739034414.40242,,,Tiene grabacion,No tiene callerid
1739034417.40252,,,Tiene grabacion,No tiene callerid
1739034430.40265,,,Tiene grabacion,""")"
1739034436.40271,,,Tiene grabacion,""")"
1739034443.40276,,,Tiene grabacion,""")"
1739034444.40277,,,Tiene grabacion,""")"
1739034451.40287,,,Tiene grabacion,""")"
1739034451.40288,,,Tiene grabacion,""")"
1739034455.40296,,,Tiene grabacion,""")"
1739034460.40298,,,Tiene grabacion,""")"
1739034466.40303,,,Tiene grabacion,""")"
1739034479.40315,,,Tiene grabacion,""")"
1739034506.4033,,,Tiene grabacion,""")"
1739034535.40352,,,Tiene grabacion,""")"
1739034545.40378,,,Tiene grabacion,""")"
1739034549.4038,,,Tiene grabacion,""")"
1739034551.40381,,,Tiene grabacion,""")"
1739034556.40389,,,Tiene grabacion,""")"
1739034577.40426,,,Tiene grabacion,""")"
1739034586.40439,,,Tiene grabacion,""")"
1739034600.40457,,,Tiene grabacion,""")"
1739034600.40459,,,Tiene grabacion,""")"
1739034624.40479,,,Tiene grabacion,""")"
1739034637.40502,,,Tiene grabacion,""")"
1739034658.40507,,,Tiene grabacion,""")"
1739034674.40523,,,Tiene grabacion,""")"
1739034732.40563,,,Tiene grabacion,""")"
1739034749.40567,,,Tiene grabacion,""")"
1739034771.40572,,,Tiene grabacion,""")"
1739034782.40576,,,Tiene grabacion,""")"
1739034787.40583,,,Tiene grabacion,""")"
1739034793.40585,,,Tiene grabacion,""")"
1739034832.40628,,,Tiene grabacion,""")"
1739034856.40642,,,Tiene grabacion,""")"
1739034864.40649,,,Tiene grabacion,""")"
1739034881.40676,,,Tiene grabacion,""")"
1739034899.40681,,,Tiene grabacion,""")"
1739034932.40699,,,Tiene grabacion,""")"
1739034933.407,,,Tiene grabacion,""")"
1739034936.40713,,,Tiene grabacion,""")"
1739034939.40718,,,Tiene grabacion,""")"
1739034946.40724,,,Tiene grabacion,""")"
1739034956.40738,,,Tiene grabacion,""")"
1739034960.40746,,,Tiene grabacion,""")"
1739034988.40795,,,Tiene grabacion,""")"
1739035018.40836,,,Tiene grabacion,""")"
1739035033.40842,,,Tiene grabacion,""")"
1739035051.4085,,,Tiene grabacion,"521fc957-2c34-5a8f-6486-c7db032d100e"")"
1739035052.40855,,,Tiene grabacion,""")"
1739035088.40895,,,Tiene grabacion,""")"
1739035090.40897,,,Tiene grabacion,""")"
1739035100.40911,,,Tiene grabacion,""")"
1739035112.40917,,,Tiene grabacion,""")"
1739035116.4092,,,Tiene grabacion,""")"
1739035136.40938,,,Tiene grabacion,""")"
1739035187.40973,,,Tiene grabacion,""")"
1739035207.40979,,,Tiene grabacion,""")"
1739035207.4098,,,Tiene grabacion,""")"
1739035230.41028,,,Tiene grabacion,""")"
1739035257.41045,,,Tiene grabacion,""")"
1739035275.41069,,,Tiene grabacion,""")"
1739035276.4107,,,Tiene grabacion,""")"
1739035289.41077,,,Tiene grabacion,""")"
1739035291.41078,,,Tiene grabacion,""")"
1739035336.41115,,,Tiene grabacion,""")"
1739035364.41136,,,Tiene grabacion,""")"
1739035390.41148,,,Tiene grabacion,""")"
1739035394.4115,,,Tiene grabacion,""")"
1739035406.41158,,,Tiene grabacion,""")"
1739035409.41163,,,Tiene grabacion,"4e40441b-24c8-790c-2bd6-c8c71a88e4fd"")"
1739035419.41176,,,Tiene grabacion,"5b7337fd-1553-2a00-326b-6acc1474b76b"")"
1739035426.41177,,,Tiene grabacion,""")"
1739035430.41178,,,Tiene grabacion,""")"
1739035435.41181,,,Tiene grabacion,""")"
1739035454.41187,,,Tiene grabacion,""")"
1739035459.41192,,,Tiene grabacion,""")"
1739035487.41227,,,Tiene grabacion,""")"
1739035487.41228,,,Tiene grabacion,""")"
1739035493.41239,,,Tiene grabacion,"3f8c23b6-2ab4-5f17-6031-82ed26b3cab7"")"
1739035524.4126,,,Tiene grabacion,""")"
1739035526.41261,,,Tiene grabacion,"63d72ab2-2ea6-5f1d-16df-e0b5617a9dbd"")"
1739035541.41277,,,Tiene grabacion,""")"
1739035566.41289,,,Tiene grabacion,""")"
1739035580.413,,,Tiene grabacion,""")"
1739035605.41335,,,Tiene grabacion,"459c7a01-1d1f-0342-1f9f-f1ef158d51e4"")"
1739035608.41344,,,Tiene grabacion,"45dde0e4-5b53-caf8-2014-31251fee9acf"")"
1739035617.41347,,,Tiene grabacion,""")"
1739035646.41378,,,Tiene grabacion,"6c3196a3-0048-dee2-56a3-ea163b07f459"")"
1739035667.41384,,,Tiene grabacion,"529df173-42d5-5c4a-27ad-f9bb5ac72578"")"
1739035668.41385,,,Tiene grabacion,""")"
1739035671.41396,,,Tiene grabacion,""")"
1739035679.41402,,,Tiene grabacion,"4c4a1190-5944-333e-442b-3a246a46202d"")"
1739035709.41415,,,Tiene grabacion,""")"
1739035722.4144,,,Tiene grabacion,""")"
1739035741.41446,,,Tiene grabacion,""")"
1739035749.41458,,,Tiene grabacion,""")"
1739035789.41469,,,Tiene grabacion,""")"
1739035825.41488,,,Tiene grabacion,""")"
1739035882.41523,,,Tiene grabacion,""")"
1739035893.41528,,,Tiene grabacion,""")"
1739035921.4155,,,Tiene grabacion,"4bd81b16-4d3a-4834-381b-485e49485465"")"
1739035926.41555,,,Tiene grabacion,"5572508c-5566-70dd-1aa4-8e877990abdc"")"
1739035934.41565,,,Tiene grabacion,""")"
1739035963.41575,,,Tiene grabacion,""")"
1739035968.41584,,,Tiene grabacion,""")"
1739035973.41596,,,Tiene grabacion,"1dfb6ed9-5b4d-d453-1813-c7736d232fd7"")"
1739035976.41601,,,Tiene grabacion,"0d8a1f8a-5f71-aa90-4b1c-abb22dd67418"")"
1739035982.41619,,,Tiene grabacion,"494b854b-28a6-3983-495d-cef40c6d5542"")"
1739035992.41626,,,Tiene grabacion,""")"
1739035993.41627,,,Tiene grabacion,"7e2b2ef0-0442-e1e4-1f3a-cf6f59ffbca0"")"
1739035994.41628,,,Tiene grabacion,"3c62742e-7ae6-b177-314c-9b7d7bd4244d"")"
1739036011.41645,,,Tiene grabacion,""")"
1739036526.42058,,,Tiene grabacion,"55a1bc4a-3133-8809-1e45-958b66c6e319"")"
